{
  "namespace": "progress_screen_concept",
  "main_world_convert_modal_progress_panel": {
    "type": "panel",
    "layer": 3,
    "controls": [
      {
        "world_modal_progress_panel@world_modal_progress_panel": {}
      },
      {
        "popup_dialog_factory@progress.popup_dialog_factory": {}
      }
    ]
  },
  "world_save_modal_progress_screen_content": {
    "type": "panel",
    "controls": [
      {
        "world_modal_progress_panel@world_modal_progress_panel": {}
      },
      {
        "save_icon@progress.auto_save": {}
      },
      {
        "popup_dialog_factory@progress.popup_dialog_factory": {}
      }
    ]
  },

  "fancy_progress_loading_bars": {
    "type": "panel",
    "anchor_from": "center",
    "anchor_to": "center",
    "size": [ "100%", 5 ],
    "layer": 5,
    "controls": [
      {
        "full_progress_bar_icon@achievement_wool_screen.full_progress_bar_icon": {
          "layer": 2,
          "bindings": [
            {
              "binding_name": "#loading_bar_percentage",
              "binding_name_override": "#clip_ratio"
            }
          ]
        }
      },
      {
        "empty_progress_bar_icon@achievement_wool_screen.empty_progress_bar_icon": {
          "layer": 1
        }
      }
    ],
    "bindings": [
      {
        "binding_name": "#loading_bar_visible",
        "binding_name_override": "#visible"
      }
    ]
  },
  "world_modal_progress_panel": {
    "type": "panel",
    "size": "$world_modal_screen_size",
    "variables": [
      {
        "requires": "$desktop_screen",
        "$button_state_default_base": "common.button_state_default",
        "$button_state_hover_base": "common.button_state_hover",
        "$button_state_pressed_base": "common.button_state_pressed"
      },
      {
        "requires": "$pocket_screen",
        "$button_state_default_base": "common-classic.button_state_default",
        "$button_state_hover_base": "common-classic.button_state_hover",
        "$button_state_pressed_base": "common-classic.button_state_pressed"
      }
    ],
    "controls": [
      {
        "base_content": {
          "type": "panel",
          "anchor_from": "top_left",
          "anchor_to": "top_left",
          "size": [
            "100%-12px",
            "100%-12px"
          ],
          "offset": [
            6,
            6
          ],
          "controls": [
            {
              "progress_title_text@progress.progress_title_text": {
                "color": [
                  0.23,
                  0.23,
                  0.23
                ],
                "anchor_from": "top_middle",
                "anchor_to": "top_middle",
                "offset": [
                  0,
                  3
                ]
              }
            },
            {
              "progress_bar_text@progress.progress_bar_text": {
                "localize": true,
                "size": [
                  "default",
                  40
                ],
                "max_size": [
                  "100% - 8px",
                  40
                ],
                "offset": [
                  0,
                  -3
                ]
              }
            }
          ]
        }
      },
      {
        "inside_content": {
          "type": "stack_panel",
          "anchor_from": "bottom_middle",
          "anchor_to": "bottom_middle",
          "size": [
            "100%-12px",
            "100%c"
          ],
          "controls": [
            {
              "loading_bar_panel": {
                "type": "panel",
                "size": [
                  "100%",
                  "100%c"
                ],
                "controls": [
                  {
                    "fancy_progress_loading_bars@fancy_progress_loading_bars": {}
                  },
                  {
                    "progress_loading_bars@progress.progress_loading_bars": {
                      "offset": [
                        0,
                        0
                      ]
                    }
                  }
                ]
              }
            },
            {
              "vertical_padding": {
                "type": "panel",
                "size": [
                  0,
                  5
                ]
              }
            },
            {
              "modal_button_panel@progress.modal_button_panel": {
                "anchor_from": "bottom_middle",
                "anchor_to": "bottom_middle",
                "size": [
                  "100%",
                  "100%c"
                ],
                "bindings": [
                  {
                    "binding_name": "#cancel_visible",
                    "binding_name_override": "#visible"
                  }
                ]
              }
            },
            {
              "vertical_padding_2": {
                "type": "panel",
                "size": [
                  0,
                  14
                ]
              }
            }
          ]
        }
      }
    ]
  },
  "world_convert_modal_progress_screen_content@base_screen.root_screen": {
    "$top_content": "",
    "$middle_content": "progress_screen_concept.main_world_convert_modal_progress_panel",
    "$middle_panel_animation": [],
    "$background_alpha": 0.3,
    "$bottom_content": ""
  }
}