{
  "format_version": "1.8.0",
  "render_controllers": {
    "controller.render.player.cape.custom": {
      "rebuild_animation_matrices": true,
      "arrays": {
        "textures": {
          "array.capes": [
            "texture.cape1",
            "texture.cape2",
            "texture.cape3",
            "texture.cape4",
            "texture.cape5",
            "texture.cape6",
            "texture.cape7",
            "texture.cape8",
            "texture.cape9",
            "texture.cape10",
            "texture.cape11",
            "texture.cape12",
            "texture.cape13",
            "texture.cape14"
          ]
        }
      },
      "geometry": "Geometry.cape",
      "materials": [ { "*": "Material.cape" } ],
      "textures": [ "array.capes[(query.anim_time * 10 )]" ],
      "part_visibility": [
        { "cape": "(query.armor_texture_slot(1) != 5) && (!variable.is_first_person || variable.is_paperdoll) && (!variable.map_face_icon)" }
      ]
    },
    "controller.render.player.cape.custom.glint": {
      "geometry": "geometry.glint",
      "materials": [ { "*": "Material.glint" } ],
      "textures": [ "Texture.glint" ],
      "overlay_color": {
          "r": 1.0,
          "g": 1.0,
          "b": 1.0,
          "a": 1.0
      },
      "uv_anim": {
          "offset": [ "(math.floor(query.life_time * 20.0) + query.frame_alpha) * 0.008", 
                      "(math.floor(query.life_time * 20.0) + query.frame_alpha) * 0.008" ],
          "scale": [ 0.7, 0.7 ]
      },
      "light_color_multiplier": 0.9,
      "ignore_lighting" : true,
      "part_visibility": [
        { "cape": "(query.armor_texture_slot(1) != 5) && (!variable.is_first_person || variable.is_paperdoll) && (!variable.map_face_icon)" }
      ]
    }
  }
}
