{

  "custom.song.1": {
    "category": "ui",
    "sounds": [
      {
        "name": "sounds/music/music_1",
        "load_on_low_memory": true
      }
    ]
  },
  "custom.song.2": {
    "category": "ui",
    "sounds": [
      {
        "name": "sounds/music/music_2",
        "load_on_low_memory": true
      }
    ]
  },
  "custom.song3": {
    "category": "ui",
    "sounds": [
      {
        "name": "sounds/music/music_3",
        "load_on_low_memory": true
      }
    ]
  },
  "custom.song.4": {
    "category": "ui",
    "sounds": [
      {
        "name": "sounds/music/music_4",
        "load_on_low_memory": true
      }
    ]
  },
  "custom.song.5": {
    "category": "ui",
    "sounds": [
      {
        "name": "sounds/music/music_5",
        "load_on_low_memory": true
      }
    ]
  },
  "custom.song.6": {
    "category": "ui",
    "sounds": [
      {
        "name": "sounds/music/music_6",
        "load_on_low_memory": true
      }
    ]
  },
  "custom.song.7": {
    "category": "ui",
    "sounds": [
      {
        "name": "sounds/music/music_7",
        "load_on_low_memory": true
      }
    ]
  },
  "custom.song.8": {
    "category": "ui",
    "sounds": [
      {
        "name": "sounds/music/music_8",
        "load_on_low_memory": true
      }
    ]
  },
  "custom.song.9": {
    "category": "ui",
    "sounds": [
      {
        "name": "sounds/music/music_9",
        "load_on_low_memory": true
      }
    ]
  },
  "custom.song.10": {
    "category": "ui",
    "sounds": [
      {
        "name": "sounds/music/music_10",
        "load_on_low_memory": true
      }
    ]
  }



}