{
	"format_version": "1.12.0",
	"minecraft:geometry": [
		{
			"description": {
				"identifier": "geometry.cape",
				"texture_width": 64,
				"texture_height": 32,
				"visible_bounds_width": 2,
				"visible_bounds_height": 3.5,
				"visible_bounds_offset": [0, 1.25, 0]
			},
			"bones": [
				{
					"name": "root",
					"pivot": [0, 0, 0]
				},
				{
					"name": "waist",
					"parent": "root",
					"pivot": [0, 12, 0]
				},
				{
					"name": "body",
					"parent": "waist",
					"pivot": [0, 24, 0]
				},
				{
					"name": "cape",
					"parent": "body",
					"pivot": [0, 24, 2],
					"rotation": [0, 180, 0]
				},
				{
					"name": "part1",
					"parent": "cape",
					"pivot": [0, 24, 2],
					"cubes": [
						{
							"origin": [-5, 23, 1],
							"size": [10, 1, 1],
							"uv": {
								"north": {"uv": [1, 1], "uv_size": [10, 1]},
								"east": {"uv": [0, 1], "uv_size": [1, 1]},
								"south": {"uv": [12, 1], "uv_size": [10, 1]},
								"west": {"uv": [11, 1], "uv_size": [1, 1]},
								"up": {"uv": [1, 1], "uv_size": [10, -1]},
								"down": {"uv": [704, 96], "uv_size": [-320, -32]}
							}
						}
					]
				},
				{
					"name": "part2",
					"parent": "part1",
					"pivot": [0, 23, 1],
					"cubes": [
						{
							"origin": [-5, 22, 1],
							"size": [10, 1.5, 1],
							"uv": {
								"north": {"uv": [1, 1.5], "uv_size": [10, 1.5]},
								"east": {"uv": [0, 1.5], "uv_size": [1, 1.5]},
								"south": {"uv": [12, 1.5], "uv_size": [10, 1.5]},
								"west": {"uv": [11, 1.5], "uv_size": [1, 1.5]},
								"up": {"uv": [32, 16], "uv_size": [320, 32]},
								"down": {"uv": [704, 128], "uv_size": [-320, -32]}
							}
						}
					]
				},
				{
					"name": "part3",
					"parent": "part2",
					"pivot": [0, 22, 1],
					"cubes": [
						{
							"origin": [-5, 21, 1],
							"size": [10, 1.5, 1],
							"uv": {
								"north": {"uv": [1, 2.5], "uv_size": [10, 1.5]},
								"east": {"uv": [0, 2.5], "uv_size": [1, 1.5]},
								"south": {"uv": [12, 2.5], "uv_size": [10, 1.5]},
								"west": {"uv": [11, 2.5], "uv_size": [1, 1.5]},
								"up": {"uv": [32, 16], "uv_size": [320, 32]},
								"down": {"uv": [704, 128], "uv_size": [-320, -32]}
							}
						}
					]
				},
				{
					"name": "part4",
					"parent": "part3",
					"pivot": [0, 21, 1],
					"cubes": [
						{
							"origin": [-5, 20, 1],
							"size": [10, 1.5, 1],
							"uv": {
								"north": {"uv": [1, 3.5], "uv_size": [10, 1.5]},
								"east": {"uv": [0, 3.5], "uv_size": [1, 1.5]},
								"south": {"uv": [12, 3.5], "uv_size": [10, 1.5]},
								"west": {"uv": [11, 3.5], "uv_size": [1, 1.5]},
								"up": {"uv": [32, 16], "uv_size": [320, 32]},
								"down": {"uv": [704, 128], "uv_size": [-320, -32]}
							}
						}
					]
				},
				{
					"name": "part5",
					"parent": "part4",
					"pivot": [0, 20, 1],
					"cubes": [
						{
							"origin": [-5, 19, 1],
							"size": [10, 1.5, 1],
							"uv": {
								"north": {"uv": [1, 4.5], "uv_size": [10, 1.5]},
								"east": {"uv": [0, 4.5], "uv_size": [1, 1.5]},
								"south": {"uv": [12, 4.5], "uv_size": [10, 1.5]},
								"west": {"uv": [11, 4.5], "uv_size": [1, 1.5]},
								"up": {"uv": [32, 16], "uv_size": [320, 32]},
								"down": {"uv": [704, 128], "uv_size": [-320, -32]}
							}
						}
					]
				},
				{
					"name": "part6",
					"parent": "part5",
					"pivot": [0, 19, 1],
					"cubes": [
						{
							"origin": [-5, 18, 1],
							"size": [10, 1.5, 1],
							"uv": {
								"north": {"uv": [1, 5.5], "uv_size": [10, 1.5]},
								"east": {"uv": [0, 5.5], "uv_size": [1, 1.5]},
								"south": {"uv": [12, 5.5], "uv_size": [10, 1.5]},
								"west": {"uv": [11, 5.5], "uv_size": [1, 1.5]},
								"up": {"uv": [32, 16], "uv_size": [320, 32]},
								"down": {"uv": [704, 128], "uv_size": [-320, -32]}
							}
						}
					]
				},
				{
					"name": "part7",
					"parent": "part6",
					"pivot": [0, 18, 1],
					"cubes": [
						{
							"origin": [-5, 17, 1],
							"size": [10, 1.5, 1],
							"uv": {
								"north": {"uv": [1, 6.5], "uv_size": [10, 1.5]},
								"east": {"uv": [0, 6.5], "uv_size": [1, 1.5]},
								"south": {"uv": [12, 6.5], "uv_size": [10, 1.5]},
								"west": {"uv": [11, 6.5], "uv_size": [1, 1.5]},
								"up": {"uv": [32, 16], "uv_size": [320, 32]},
								"down": {"uv": [704, 128], "uv_size": [-320, -32]}
							}
						}
					]
				},
				{
					"name": "part8",
					"parent": "part7",
					"pivot": [0, 17, 1],
					"cubes": [
						{
							"origin": [-5, 16, 1],
							"size": [10, 1.5, 1],
							"uv": {
								"north": {"uv": [1, 7.5], "uv_size": [10, 1.5]},
								"east": {"uv": [0, 7.5], "uv_size": [1, 1.5]},
								"south": {"uv": [12, 7.5], "uv_size": [10, 1.5]},
								"west": {"uv": [11, 7.5], "uv_size": [1, 1.5]},
								"up": {"uv": [32, 16], "uv_size": [320, 32]},
								"down": {"uv": [704, 128], "uv_size": [-320, -32]}
							}
						}
					]
				},
				{
					"name": "part9",
					"parent": "part8",
					"pivot": [0, 16, 1],
					"cubes": [
						{
							"origin": [-5, 15, 1],
							"size": [10, 1.5, 1],
							"uv": {
								"north": {"uv": [1, 8.5], "uv_size": [10, 1.5]},
								"east": {"uv": [0, 8.5], "uv_size": [1, 1.5]},
								"south": {"uv": [12, 8.5], "uv_size": [10, 1.5]},
								"west": {"uv": [11, 8.5], "uv_size": [1, 1.5]},
								"up": {"uv": [32, 16], "uv_size": [320, 32]},
								"down": {"uv": [704, 128], "uv_size": [-320, -32]}
							}
						}
					]
				},
				{
					"name": "part10",
					"parent": "part9",
					"pivot": [0, 15, 1],
					"cubes": [
						{
							"origin": [-5, 14, 1],
							"size": [10, 1.5, 1],
							"uv": {
								"north": {"uv": [1, 9.5], "uv_size": [10, 1.5]},
								"east": {"uv": [0, 9.5], "uv_size": [1, 1.5]},
								"south": {"uv": [12, 9.5], "uv_size": [10, 1.5]},
								"west": {"uv": [11, 9.5], "uv_size": [1, 1.5]},
								"up": {"uv": [32, 16], "uv_size": [320, 32]},
								"down": {"uv": [704, 128], "uv_size": [-320, -32]}
							}
						}
					]
				},
				{
					"name": "part11",
					"parent": "part10",
					"pivot": [0, 14, 1],
					"cubes": [
						{
							"origin": [-5, 13, 1],
							"size": [10, 1.5, 1],
							"uv": {
								"north": {"uv": [1, 10.5], "uv_size": [10, 1.5]},
								"east": {"uv": [0, 10.5], "uv_size": [1, 1.5]},
								"south": {"uv": [12, 10.5], "uv_size": [10, 1.5]},
								"west": {"uv": [11, 10.5], "uv_size": [1, 1.5]},
								"up": {"uv": [32, 16], "uv_size": [320, 32]},
								"down": {"uv": [704, 128], "uv_size": [-320, -32]}
							}
						}
					]
				},
				{
					"name": "part12",
					"parent": "part11",
					"pivot": [0, 13, 1],
					"cubes": [
						{
							"origin": [-5, 12, 1],
							"size": [10, 1.5, 1],
							"uv": {
								"north": {"uv": [1, 11.5], "uv_size": [10, 1.5]},
								"east": {"uv": [0, 11.5], "uv_size": [1, 1.5]},
								"south": {"uv": [12, 11.5], "uv_size": [10, 1.5]},
								"west": {"uv": [11, 11.5], "uv_size": [1, 1.5]},
								"up": {"uv": [32, 16], "uv_size": [320, 32]},
								"down": {"uv": [704, 128], "uv_size": [-320, -32]}
							}
						}
					]
				},
				{
					"name": "part13",
					"parent": "part12",
					"pivot": [0, 12, 1],
					"cubes": [
						{
							"origin": [-5, 11, 1],
							"size": [10, 1.5, 1],
							"uv": {
								"north": {"uv": [1, 12.5], "uv_size": [10, 1.5]},
								"east": {"uv": [0, 12.5], "uv_size": [1, 1.5]},
								"south": {"uv": [12, 12.5], "uv_size": [10, 1.5]},
								"west": {"uv": [11, 12.5], "uv_size": [1, 1.5]},
								"up": {"uv": [32, 16], "uv_size": [320, 32]},
								"down": {"uv": [704, 128], "uv_size": [-320, -32]}
							}
						}
					]
				},
				{
					"name": "part14",
					"parent": "part13",
					"pivot": [0, 11, 1],
					"cubes": [
						{
							"origin": [-5, 10, 1],
							"size": [10, 1.5, 1],
							"uv": {
								"north": {"uv": [1, 13.5], "uv_size": [10, 1.5]},
								"east": {"uv": [0, 13.5], "uv_size": [1, 1.5]},
								"south": {"uv": [12, 13.5], "uv_size": [10, 1.5]},
								"west": {"uv": [11, 13.5], "uv_size": [1, 1.5]},
								"up": {"uv": [32, 16], "uv_size": [320, 32]},
								"down": {"uv": [704, 128], "uv_size": [-320, -32]}
							}
						}
					]
				},
				{
					"name": "part15",
					"parent": "part14",
					"pivot": [0, 10, 1],
					"cubes": [
						{
							"origin": [-5, 9, 1],
							"size": [10, 1.5, 1],
							"uv": {
								"north": {"uv": [1, 14.5], "uv_size": [10, 1.5]},
								"east": {"uv": [0, 14.5], "uv_size": [1, 1.5]},
								"south": {"uv": [12, 14.5], "uv_size": [10, 1.5]},
								"west": {"uv": [11, 14.5], "uv_size": [1, 1.5]},
								"up": {"uv": [32, 16], "uv_size": [320, 32]},
								"down": {"uv": [704, 128], "uv_size": [-320, -32]}
							}
						}
					]
				},
				{
					"name": "part16",
					"parent": "part15",
					"pivot": [0, 9, 1],
					"cubes": [
						{
							"origin": [-5, 8, 1],
							"size": [10, 1.5, 1],
							"uv": {
								"north": {"uv": [1, 15.5], "uv_size": [10, 1.5]},
								"east": {"uv": [0, 15.5], "uv_size": [1, 1.5]},
								"south": {"uv": [12, 15.5], "uv_size": [10, 1.5]},
								"west": {"uv": [11, 15.5], "uv_size": [1, 1.5]},
								"up": {"uv": [32, 16], "uv_size": [320, 32]},
								"down": {"uv": [21, 1], "uv_size": [-10, -1]}
							}
						}
					]
				}
			]
		}
	]
}