{
   "about_label@settings_dx.base_label": {
      "offset": [
         0,
         4
      ],
      "text": ""
   },
   "about_screen_panel@common_menus_dx.java_menu_panel_template": {
      "$bg": "java_gui_common.screen_background",
      "$bottom_content": "about_dx.done_panel",
      "$middle_content": "about_dx.scrolling_panel",
      "$top_content": "about_dx.about_label"
   },
   "done_panel": {
      "controls": [
         {
            "about_done_button@settings_dx.null_navigation_tab": {
               "anchor_from": "bottom_middle",
               "anchor_to": "bottom_middle",
               "offset": [
                  0,
                  -9
               ],
               "size": [
                  200,
                  20
               ]
            }
         }
      ],
      "type": "panel"
   },
   "namespace": "about_dx",
   "panel_cotent": {
      "controls": [
         {
            "top_padding": {
               "size": [
                  0,
                  4
               ],
               "type": "panel"
            }
         },
         {
            "panel@start_dx.stacked_row": {
               "controls": [
                  {
                     "vortex_title": {
                        "font_scale_factor": 2.8,
                        "text": "§cVortex §fClient",
                        "type": "label"
                     }
                  }
               ]
            }
         },
         {
            "panel_0@start_dx.stacked_row": {
               "controls": [
                  {
                     "vortex_title": {
                        "font_scale_factor": 1.3,
                        "font_type": "smooth",
                        "text": "Vortex Client is a FPS optimization client-pack for MCBE",
                        "type": "label"
                     }
                  }
               ]
            }
         },
         {
            "categorie_panel_1": {
               "controls": [
                  {
                     "object_name": {
                        "anchor_from": "center",
                        "anchor_to": "center",
                        "layer": 5,
                        "size": [
                           "100%-20px",
                           2
                        ],
                        "texture": "textures/uidx/line",
                        "type": "image"
                     }
                  }
               ],
               "size": [
                  "100%",
                  10
               ],
               "type": "panel"
            }
         },
         {
            "panel_1@start_dx.stacked_row": {
               "controls": [
                  {
                     "vortex": {
                        "anchor_from": "top_left",
                        "anchor_to": "top_left",
                        "font_scale_factor": 1.1,
                        "font_type": "smooth",
                        "offset": [
                           20,
                           0
                        ],
                        "text": "Features:",
                        "type": "label"
                     }
                  },
                  {
                     "vortex": {
                        "anchor_from": "top_left",
                        "anchor_to": "top_left",
                        "font_scale_factor": 1,
                        "font_type": "smooth",
                        "offset": [
                           20,
                           14
                        ],
                        "text": "- Clean UI and Features.",
                        "type": "label"
                     }
                  },
                  {
                     "vortex": {
                        "anchor_from": "top_left",
                        "anchor_to": "top_left",
                        "font_scale_factor": 1,
                        "font_type": "smooth",
                        "offset": [
                           20,
                           28
                        ],
                        "text": "- Modern and Good Look.",
                        "type": "label"
                     }
                  },
                  {
                     "vortex": {
                        "anchor_from": "top_left",
                        "anchor_to": "top_left",
                        "font_scale_factor": 1,
                        "font_type": "smooth",
                        "offset": [
                           20,
                           42
                        ],
                        "text": "- Unlocked hidden settings, texture optimizations and tweaks.",
                        "type": "label"
                     }
                  },
                  {
                     "vortex": {
                        "anchor_from": "top_left",
                        "anchor_to": "top_left",
                        "font_scale_factor": 1,
                        "font_type": "smooth",
                        "offset": [
                           20,
                           56
                        ],
                        "text": "- PvP-specific mods (Particle Multiplier, Smooth Chat Animation, Bottom Chat, Custom Cosmetics etc.)",
                        "type": "label"
                     }
                  }
               ],
               "size": [
                  "100%",
                  52
               ]
            }
         },
         {
            "categorie_panel_1": {
               "controls": [
                  {
                     "object_name": {
                        "anchor_from": "center",
                        "anchor_to": "center",
                        "layer": 5,
                        "offset": [
                           0,
                           10
                        ],
                        "size": [
                           "100%-20px",
                           2
                        ],
                        "texture": "textures/uidx/line",
                        "type": "image"
                     }
                  }
               ],
               "size": [
                  "100%",
                  32
               ],
               "type": "panel"
            }
         },
         {
            "panel_2@start_dx.stacked_row": {
               "controls": [
                  {
                     "vortex": {
                        "anchor_from": "top_left",
                        "anchor_to": "top_left",
                        "font_scale_factor": 1.1,
                        "font_type": "smooth",
                        "offset": [
                           20,
                           0
                        ],
                        "text": "§eCredits:",
                        "type": "label"
                     }
                  },
                  {
                     "vortex": {
                        "anchor_from": "top_left",
                        "anchor_to": "top_left",
                        "font_scale_factor": 1,
                        "font_type": "smooth",
                        "offset": [
                           20,
                           14
                        ],
                        "text": "- PopKin(The Tester)",
                        "type": "label"
                     }
                  },
                  {
                     "vortex": {
                        "anchor_from": "top_left",
                        "anchor_to": "top_left",
                        "font_scale_factor": 1,
                        "font_type": "smooth",
                        "offset": [
                           20,
                           28
                        ],
                        "text": "- PumpkinBlaze (Inspiration)",
                        "type": "label"
                     }
                  },
                  {
                     "vortex": {
                        "anchor_from": "top_left",
                        "anchor_to": "top_left",
                        "font_scale_factor": 1,
                        "font_type": "smooth",
                        "offset": [
                           20,
                           42
                        ],
                        "text": "- Dragon Client(Inspiration)",
                        "type": "label"
                     }
                  },
                  {
                     "vortex": {
                        "anchor_from": "top_left",
                        "anchor_to": "top_left",
                        "font_scale_factor": 1,
                        "font_type": "smooth",
                        "offset": [
                           20,
                           70
                        ],
                        "text": "- §cSiizyy§f§k(Owner/Developer)",
                        "type": "label"
                     }
                  }
               ],
               "size": [
                  "100%",
                  64
               ]
            }
         },
         {
            "categorie_panel_1": {
               "controls": [
                  {
                     "object_name": {
                        "anchor_from": "center",
                        "anchor_to": "center",
                        "layer": 5,
                        "offset": [
                           0,
                           10
                        ],
                        "size": [
                           "100%-20px",
                           2
                        ],
                        "texture": "textures/uidx/line",
                        "type": "image"
                     }
                  }
               ],
               "size": [
                  "100%",
                  32
               ],
               "type": "panel"
            }
         }
      ],
      "size": [
         310,
         "100%c"
      ],
      "type": "stack_panel"
   },
   "scrolling_panel@common_menus_dx.java_menu_scroll_panel": {
      "$scroll_view_port_size": [
         324,
         "100%"
      ],
      "$scrolling_content": "about_dx.panel_cotent",
      "layer": 2
   }
}